{"cameraMode":{"drawMode":0,"name":"Shaded","section":"Shading Mode"},"sceneLighting":false,"audioPlay":false,"sceneViewState":{"showFog":true,"showMaterialUpdate":false,"showSkybox":false,"showFlares":false,"showImageEffects":false,"showParticleSystems":true,"showVisualEffectGraphs":true,"m_FxEnabled":true},"in2DMode":false,"pivot":{"x":0.006789147853851318,"y":2.404503583908081,"z":0.42813611030578616},"rotation":{"x":0.06439749151468277,"y":0.7197220325469971,"z":-0.06733404844999314,"w":0.6880274415016174},"size":1.5000004768371583,"orthographic":false}