{"cameraMode":{"drawMode":0,"name":"Shaded","section":"Shading Mode"},"sceneLighting":false,"audioPlay":false,"sceneViewState":{"showFog":true,"showMaterialUpdate":false,"showSkybox":false,"showFlares":true,"showImageEffects":true,"showParticleSystems":true,"showVisualEffectGraphs":true,"m_FxEnabled":true},"in2DMode":false,"pivot":{"x":-0.29168668389320376,"y":1.4956653118133546,"z":0.25120460987091067},"rotation":{"x":0.24633851647377015,"y":0.6381524205207825,"z":-0.22674216330051423,"w":0.6933040022850037},"size":1.207395076751709,"orthographic":false}