{"cameraMode":{"drawMode":0,"name":"Shaded","section":"Shading Mode"},"sceneLighting":true,"audioPlay":false,"sceneViewState":{"showFog":true,"showMaterialUpdate":false,"showSkybox":true,"showFlares":false,"showImageEffects":false,"showParticleSystems":true,"showVisualEffectGraphs":true,"m_FxEnabled":true},"in2DMode":false,"pivot":{"x":8.135992050170899,"y":2.014134407043457,"z":2.2324180603027345},"rotation":{"x":0.4011903703212738,"y":-0.002761814510449767,"z":0.0011852491879835725,"w":0.9160074591636658},"size":6.636915683746338,"orthographic":false}